ID,Nombre,Apellido,Cedula,Edad,Telefono,Direccion,Creado,Usuario
1,Paciente 1,Apellido 01,1000000001,61,555-00001,Calle Principal 1,2026-04-23 21:40:18,admin
2,Paciente 2,Apellido 02,1000000002,62,555-00002,Calle Principal 2,2026-04-23 21:41:18,admin
3,Paciente 3,Apellido 03,1000000003,63,555-00003,Calle Principal 3,2026-04-23 21:42:18,admin
4,Paciente 4,Apellido 04,1000000004,64,555-00004,Calle Principal 4,2026-04-23 21:43:18,admin
5,Paciente 5,Apellido 05,1000000005,65,555-00005,Calle Principal 5,2026-04-23 21:44:18,admin
6,Paciente 6,Apellido 06,1000000006,66,555-00006,Calle Principal 6,2026-04-23 21:45:18,admin
7,Paciente 7,Apellido 07,1000000007,67,555-00007,Calle Principal 7,2026-04-23 21:46:18,admin
8,Paciente 8,Apellido 08,1000000008,68,555-00008,Calle Principal 8,2026-04-23 21:47:18,admin
9,Paciente 9,Apellido 09,1000000009,69,555-00009,Calle Principal 9,2026-04-23 21:48:18,admin
10,Paciente 10,Apellido 10,1000000010,70,555-000010,Calle Principal 10,2026-04-23 21:49:18,admin
11,Paciente 11,Apellido 11,1000000011,71,555-000011,Calle Principal 11,2026-04-23 21:50:18,admin
12,Paciente 12,Apellido 12,1000000012,72,555-000012,Calle Principal 12,2026-04-23 21:51:18,admin
13,Paciente 13,Apellido 13,1000000013,73,555-000013,Calle Principal 13,2026-04-23 21:52:18,admin
14,Paciente 14,Apellido 14,1000000014,74,555-000014,Calle Principal 14,2026-04-23 21:53:18,admin
15,Paciente 15,Apellido 15,1000000015,75,555-000015,Calle Principal 15,2026-04-23 21:54:18,admin
16,Paciente 16,Apellido 16,1000000016,76,555-000016,Calle Principal 16,2026-04-23 21:55:18,admin
17,Paciente 17,Apellido 17,1000000017,77,555-000017,Calle Principal 17,2026-04-23 21:56:18,admin
18,Paciente 18,Apellido 18,1000000018,78,555-000018,Calle Principal 18,2026-04-23 21:57:18,admin
19,Paciente 19,Apellido 19,1000000019,79,555-000019,Calle Principal 19,2026-04-23 21:58:18,admin
20,Paciente 20,Apellido 20,1000000020,80,555-000020,Calle Principal 20,2026-04-23 21:59:18,admin
21,Paciente 21,Apellido 21,1000000021,81,555-000021,Calle Principal 21,2026-04-23 22:00:18,admin
22,Paciente 22,Apellido 22,1000000022,82,555-000022,Calle Principal 22,2026-04-23 22:01:18,admin
23,Paciente 23,Apellido 23,1000000023,83,555-000023,Calle Principal 23,2026-04-23 22:02:18,admin
24,Paciente 24,Apellido 24,1000000024,84,555-000024,Calle Principal 24,2026-04-23 22:03:18,admin
25,Paciente 25,Apellido 25,1000000025,85,555-000025,Calle Principal 25,2026-04-23 22:04:18,admin
26,Paciente 26,Apellido 26,1000000026,86,555-000026,Calle Principal 26,2026-04-23 22:05:18,admin
27,Paciente 27,Apellido 27,1000000027,87,555-000027,Calle Principal 27,2026-04-23 22:06:18,admin
28,Paciente 28,Apellido 28,1000000028,88,555-000028,Calle Principal 28,2026-04-23 22:07:18,admin
29,Paciente 29,Apellido 29,1000000029,89,555-000029,Calle Principal 29,2026-04-23 22:08:18,admin
30,Paciente 30,Apellido 30,1000000030,90,555-000030,Calle Principal 30,2026-04-23 22:09:18,admin
31,Paciente 31,Apellido 31,1000000031,91,555-000031,Calle Principal 31,2026-04-23 22:10:18,admin
32,Paciente 32,Apellido 32,1000000032,92,555-000032,Calle Principal 32,2026-04-23 22:11:18,admin
33,Paciente 33,Apellido 33,1000000033,93,555-000033,Calle Principal 33,2026-04-23 22:12:18,admin
34,Paciente 34,Apellido 34,1000000034,94,555-000034,Calle Principal 34,2026-04-23 22:13:18,admin
35,Paciente 35,Apellido 35,1000000035,95,555-000035,Calle Principal 35,2026-04-23 22:14:18,admin
36,Paciente 36,Apellido 36,1000000036,96,555-000036,Calle Principal 36,2026-04-23 22:15:18,admin
37,Paciente 37,Apellido 37,1000000037,97,555-000037,Calle Principal 37,2026-04-23 22:16:18,admin
38,Paciente 38,Apellido 38,1000000038,98,555-000038,Calle Principal 38,2026-04-23 22:17:18,admin
39,Paciente 39,Apellido 39,1000000039,99,555-000039,Calle Principal 39,2026-04-23 22:18:18,admin
40,Paciente 40,Apellido 40,1000000040,60,555-000040,Calle Principal 40,2026-04-23 22:19:18,admin
41,Paciente 41,Apellido 41,1000000041,61,555-000041,Calle Principal 41,2026-04-23 22:20:18,admin
42,Paciente 42,Apellido 42,1000000042,62,555-000042,Calle Principal 42,2026-04-23 22:21:18,admin
43,Paciente 43,Apellido 43,1000000043,63,555-000043,Calle Principal 43,2026-04-23 22:22:18,admin
44,Paciente 44,Apellido 44,1000000044,64,555-000044,Calle Principal 44,2026-04-23 22:23:18,admin
45,Paciente 45,Apellido 45,1000000045,65,555-000045,Calle Principal 45,2026-04-23 22:24:18,admin
46,Paciente 46,Apellido 46,1000000046,66,555-000046,Calle Principal 46,2026-04-23 22:25:18,admin
47,Paciente 47,Apellido 47,1000000047,67,555-000047,Calle Principal 47,2026-04-23 22:26:18,admin
48,Paciente 48,Apellido 48,1000000048,68,555-000048,Calle Principal 48,2026-04-23 22:27:18,admin
49,Paciente 49,Apellido 49,1000000049,69,555-000049,Calle Principal 49,2026-04-23 22:28:18,admin
50,Paciente 50,Apellido 50,1000000050,70,555-000050,Calle Principal 50,2026-04-23 22:29:18,admin
